algorithm,column_order,train_size,seed,directed_edges_from_graph_structure
dag,topological,20,0,3
dag,topological,20,1,3
dag,topological,20,2,3
dag,topological,20,3,3
dag,topological,20,4,3
dag,topological,20,5,3
dag,topological,20,6,3
dag,topological,20,7,3
dag,topological,20,8,3
dag,topological,20,9,3
dag,topological,20,10,3
dag,topological,20,11,3
dag,topological,20,12,3
dag,topological,20,13,3
dag,topological,20,14,3
dag,topological,20,15,3
dag,topological,20,16,3
dag,topological,20,17,3
dag,topological,20,18,3
dag,topological,20,19,3
dag,topological,20,20,3
dag,topological,20,21,3
dag,topological,20,22,3
dag,topological,20,23,3
dag,topological,20,24,3
dag,topological,20,25,3
dag,topological,20,26,3
dag,topological,20,27,3
dag,topological,20,28,3
dag,topological,20,29,3
dag,topological,20,31,3
dag,topological,20,32,3
dag,topological,20,33,3
dag,topological,20,34,3
dag,topological,20,35,3
dag,topological,20,36,3
dag,topological,20,37,3
dag,topological,20,38,3
dag,topological,20,39,3
dag,topological,20,40,3
dag,topological,20,41,3
dag,topological,20,42,3
dag,topological,20,43,3
dag,topological,20,44,3
dag,topological,20,45,3
dag,topological,20,46,3
dag,topological,20,47,3
dag,topological,20,48,3
dag,topological,20,49,3
dag,topological,20,50,3
dag,topological,20,51,3
dag,topological,20,52,3
dag,topological,20,53,3
dag,topological,20,54,3
dag,topological,20,55,3
dag,topological,20,56,3
dag,topological,20,57,3
dag,topological,20,58,3
dag,topological,20,59,3
dag,topological,20,60,3
dag,topological,20,61,3
dag,topological,20,62,3
dag,topological,20,63,3
dag,topological,20,64,3
dag,topological,20,65,3
dag,topological,20,66,3
dag,topological,20,67,3
dag,topological,20,68,3
dag,topological,20,69,3
dag,topological,20,70,3
dag,topological,20,71,3
dag,topological,20,72,3
dag,topological,20,73,3
dag,topological,20,74,3
dag,topological,20,75,3
dag,topological,20,76,3
dag,topological,20,77,3
dag,topological,20,78,3
dag,topological,20,79,3
dag,topological,20,80,3
dag,topological,20,81,3
dag,topological,20,82,3
dag,topological,20,83,3
dag,topological,20,84,3
dag,topological,20,85,3
dag,topological,20,86,3
dag,topological,20,87,3
dag,topological,20,88,3
dag,topological,20,89,3
dag,topological,20,90,3
dag,topological,20,91,3
dag,topological,20,92,3
dag,topological,20,93,3
dag,topological,20,94,3
dag,topological,20,96,3
dag,topological,20,97,3
dag,topological,20,98,3
dag,topological,20,99,3
dag,topological,20,100,3
dag,topological,20,101,3
cpdag_minimal,original,20,0,2
cpdag_minimal,original,20,1,2
cpdag_minimal,original,20,2,2
cpdag_minimal,original,20,3,2
cpdag_minimal,original,20,4,2
cpdag_minimal,original,20,5,2
cpdag_minimal,original,20,6,2
cpdag_minimal,original,20,7,2
cpdag_minimal,original,20,8,2
cpdag_minimal,original,20,9,2
cpdag_minimal,original,20,10,2
cpdag_minimal,original,20,11,2
cpdag_minimal,original,20,12,2
cpdag_minimal,original,20,13,2
cpdag_minimal,original,20,14,2
cpdag_minimal,original,20,15,2
cpdag_minimal,original,20,16,2
cpdag_minimal,original,20,17,2
cpdag_minimal,original,20,18,2
cpdag_minimal,original,20,19,2
cpdag_minimal,original,20,20,2
cpdag_minimal,original,20,21,2
cpdag_minimal,original,20,22,2
cpdag_minimal,original,20,23,2
cpdag_minimal,original,20,24,2
cpdag_minimal,original,20,25,2
cpdag_minimal,original,20,26,2
cpdag_minimal,original,20,27,2
cpdag_minimal,original,20,28,2
cpdag_minimal,original,20,29,2
cpdag_minimal,original,20,31,2
cpdag_minimal,original,20,32,2
cpdag_minimal,original,20,33,2
cpdag_minimal,original,20,34,2
cpdag_minimal,original,20,35,2
cpdag_minimal,original,20,36,2
cpdag_minimal,original,20,37,2
cpdag_minimal,original,20,38,2
cpdag_minimal,original,20,39,2
cpdag_minimal,original,20,40,2
cpdag_minimal,original,20,41,2
cpdag_minimal,original,20,42,2
cpdag_minimal,original,20,43,2
cpdag_minimal,original,20,44,2
cpdag_minimal,original,20,45,2
cpdag_minimal,original,20,46,2
cpdag_minimal,original,20,47,2
cpdag_minimal,original,20,48,2
cpdag_minimal,original,20,49,2
cpdag_minimal,original,20,50,2
cpdag_minimal,original,20,51,2
cpdag_minimal,original,20,52,2
cpdag_minimal,original,20,53,2
cpdag_minimal,original,20,54,2
cpdag_minimal,original,20,55,2
cpdag_minimal,original,20,56,2
cpdag_minimal,original,20,57,2
cpdag_minimal,original,20,58,2
cpdag_minimal,original,20,59,2
cpdag_minimal,original,20,60,2
cpdag_minimal,original,20,61,2
cpdag_minimal,original,20,62,2
cpdag_minimal,original,20,63,2
cpdag_minimal,original,20,64,2
cpdag_minimal,original,20,65,2
cpdag_minimal,original,20,66,2
cpdag_minimal,original,20,67,2
cpdag_minimal,original,20,68,2
cpdag_minimal,original,20,69,2
cpdag_minimal,original,20,70,2
cpdag_minimal,original,20,71,2
cpdag_minimal,original,20,72,2
cpdag_minimal,original,20,73,2
cpdag_minimal,original,20,74,2
cpdag_minimal,original,20,75,2
cpdag_minimal,original,20,76,2
cpdag_minimal,original,20,77,2
cpdag_minimal,original,20,78,2
cpdag_minimal,original,20,79,2
cpdag_minimal,original,20,80,2
cpdag_minimal,original,20,81,2
cpdag_minimal,original,20,82,2
cpdag_minimal,original,20,83,2
cpdag_minimal,original,20,84,2
cpdag_minimal,original,20,85,2
cpdag_minimal,original,20,86,2
cpdag_minimal,original,20,87,2
cpdag_minimal,original,20,88,2
cpdag_minimal,original,20,89,2
cpdag_minimal,original,20,90,2
cpdag_minimal,original,20,91,2
cpdag_minimal,original,20,92,2
cpdag_minimal,original,20,93,2
cpdag_minimal,original,20,94,2
cpdag_minimal,original,20,96,2
cpdag_minimal,original,20,97,2
cpdag_minimal,original,20,98,2
cpdag_minimal,original,20,99,2
cpdag_minimal,original,20,100,2
cpdag_minimal,original,20,101,2
cpdag_discovered,original,20,0,0
cpdag_discovered,original,20,1,0
cpdag_discovered,original,20,2,0
cpdag_discovered,original,20,3,0
cpdag_discovered,original,20,4,0
cpdag_discovered,original,20,5,0
cpdag_discovered,original,20,6,0
cpdag_discovered,original,20,7,0
cpdag_discovered,original,20,8,0
cpdag_discovered,original,20,9,0
cpdag_discovered,original,20,10,0
cpdag_discovered,original,20,11,0
cpdag_discovered,original,20,12,0
cpdag_discovered,original,20,13,0
cpdag_discovered,original,20,14,0
cpdag_discovered,original,20,15,0
cpdag_discovered,original,20,16,0
cpdag_discovered,original,20,17,0
cpdag_discovered,original,20,18,0
cpdag_discovered,original,20,19,0
cpdag_discovered,original,20,20,0
cpdag_discovered,original,20,21,0
cpdag_discovered,original,20,22,0
cpdag_discovered,original,20,23,0
cpdag_discovered,original,20,24,0
cpdag_discovered,original,20,25,0
cpdag_discovered,original,20,26,0
cpdag_discovered,original,20,27,0
cpdag_discovered,original,20,28,0
cpdag_discovered,original,20,29,0
cpdag_discovered,original,20,31,0
cpdag_discovered,original,20,32,0
cpdag_discovered,original,20,33,0
cpdag_discovered,original,20,34,0
cpdag_discovered,original,20,35,0
cpdag_discovered,original,20,36,0
cpdag_discovered,original,20,37,0
cpdag_discovered,original,20,38,0
cpdag_discovered,original,20,39,0
cpdag_discovered,original,20,40,0
cpdag_discovered,original,20,41,0
cpdag_discovered,original,20,42,0
cpdag_discovered,original,20,43,0
cpdag_discovered,original,20,44,0
cpdag_discovered,original,20,45,0
cpdag_discovered,original,20,46,0
cpdag_discovered,original,20,47,0
cpdag_discovered,original,20,48,0
cpdag_discovered,original,20,49,0
cpdag_discovered,original,20,50,0
cpdag_discovered,original,20,51,2
cpdag_discovered,original,20,52,0
cpdag_discovered,original,20,53,0
cpdag_discovered,original,20,54,0
cpdag_discovered,original,20,55,0
cpdag_discovered,original,20,56,0
cpdag_discovered,original,20,57,0
cpdag_discovered,original,20,58,0
cpdag_discovered,original,20,59,0
cpdag_discovered,original,20,60,0
cpdag_discovered,original,20,61,0
cpdag_discovered,original,20,62,0
cpdag_discovered,original,20,63,0
cpdag_discovered,original,20,64,0
cpdag_discovered,original,20,65,0
cpdag_discovered,original,20,66,0
cpdag_discovered,original,20,67,0
cpdag_discovered,original,20,68,0
cpdag_discovered,original,20,69,0
cpdag_discovered,original,20,70,0
cpdag_discovered,original,20,71,0
cpdag_discovered,original,20,72,0
cpdag_discovered,original,20,73,0
cpdag_discovered,original,20,74,0
cpdag_discovered,original,20,75,0
cpdag_discovered,original,20,76,0
cpdag_discovered,original,20,77,0
cpdag_discovered,original,20,78,0
cpdag_discovered,original,20,79,0
cpdag_discovered,original,20,80,0
cpdag_discovered,original,20,81,0
cpdag_discovered,original,20,82,0
cpdag_discovered,original,20,83,0
cpdag_discovered,original,20,84,0
cpdag_discovered,original,20,85,0
cpdag_discovered,original,20,86,0
cpdag_discovered,original,20,87,0
cpdag_discovered,original,20,88,0
cpdag_discovered,original,20,89,0
cpdag_discovered,original,20,90,0
cpdag_discovered,original,20,91,0
cpdag_discovered,original,20,92,0
cpdag_discovered,original,20,93,0
cpdag_discovered,original,20,94,2
cpdag_discovered,original,20,96,0
cpdag_discovered,original,20,97,0
cpdag_discovered,original,20,98,0
cpdag_discovered,original,20,99,2
cpdag_discovered,original,20,100,0
cpdag_discovered,original,20,101,0
dag,topological,50,120,3
dag,topological,50,121,3
dag,topological,50,122,3
dag,topological,50,123,3
dag,topological,50,124,3
dag,topological,50,125,3
dag,topological,50,126,3
dag,topological,50,127,3
dag,topological,50,128,3
dag,topological,50,129,3
dag,topological,50,130,3
dag,topological,50,131,3
dag,topological,50,132,3
dag,topological,50,133,3
dag,topological,50,134,3
dag,topological,50,135,3
dag,topological,50,136,3
dag,topological,50,137,3
dag,topological,50,138,3
dag,topological,50,139,3
dag,topological,50,140,3
dag,topological,50,141,3
dag,topological,50,142,3
dag,topological,50,143,3
dag,topological,50,144,3
dag,topological,50,145,3
dag,topological,50,146,3
dag,topological,50,147,3
dag,topological,50,148,3
dag,topological,50,149,3
dag,topological,50,150,3
dag,topological,50,151,3
dag,topological,50,152,3
dag,topological,50,153,3
dag,topological,50,154,3
dag,topological,50,155,3
dag,topological,50,156,3
dag,topological,50,157,3
dag,topological,50,158,3
dag,topological,50,159,3
dag,topological,50,160,3
dag,topological,50,161,3
dag,topological,50,162,3
dag,topological,50,163,3
dag,topological,50,164,3
dag,topological,50,165,3
dag,topological,50,166,3
dag,topological,50,167,3
dag,topological,50,168,3
dag,topological,50,169,3
dag,topological,50,170,3
dag,topological,50,171,3
dag,topological,50,172,3
dag,topological,50,173,3
dag,topological,50,174,3
dag,topological,50,175,3
dag,topological,50,176,3
dag,topological,50,177,3
dag,topological,50,178,3
dag,topological,50,179,3
dag,topological,50,180,3
dag,topological,50,181,3
dag,topological,50,182,3
dag,topological,50,184,3
dag,topological,50,185,3
dag,topological,50,186,3
dag,topological,50,187,3
dag,topological,50,188,3
dag,topological,50,189,3
dag,topological,50,190,3
dag,topological,50,191,3
dag,topological,50,192,3
dag,topological,50,193,3
dag,topological,50,194,3
dag,topological,50,195,3
dag,topological,50,196,3
dag,topological,50,197,3
dag,topological,50,198,3
dag,topological,50,199,3
dag,topological,50,200,3
dag,topological,50,202,3
dag,topological,50,203,3
dag,topological,50,204,3
dag,topological,50,205,3
dag,topological,50,206,3
dag,topological,50,207,3
dag,topological,50,208,3
dag,topological,50,209,3
dag,topological,50,210,3
dag,topological,50,211,3
dag,topological,50,212,3
dag,topological,50,213,3
dag,topological,50,214,3
dag,topological,50,215,3
dag,topological,50,216,3
dag,topological,50,217,3
dag,topological,50,218,3
dag,topological,50,219,3
dag,topological,50,220,3
dag,topological,50,221,3
cpdag_minimal,original,50,120,2
cpdag_minimal,original,50,121,2
cpdag_minimal,original,50,122,2
cpdag_minimal,original,50,123,2
cpdag_minimal,original,50,124,2
cpdag_minimal,original,50,125,2
cpdag_minimal,original,50,126,2
cpdag_minimal,original,50,127,2
cpdag_minimal,original,50,128,2
cpdag_minimal,original,50,129,2
cpdag_minimal,original,50,130,2
cpdag_minimal,original,50,131,2
cpdag_minimal,original,50,132,2
cpdag_minimal,original,50,133,2
cpdag_minimal,original,50,134,2
cpdag_minimal,original,50,135,2
cpdag_minimal,original,50,136,2
cpdag_minimal,original,50,137,2
cpdag_minimal,original,50,138,2
cpdag_minimal,original,50,139,2
cpdag_minimal,original,50,140,2
cpdag_minimal,original,50,141,2
cpdag_minimal,original,50,142,2
cpdag_minimal,original,50,143,2
cpdag_minimal,original,50,144,2
cpdag_minimal,original,50,145,2
cpdag_minimal,original,50,146,2
cpdag_minimal,original,50,147,2
cpdag_minimal,original,50,148,2
cpdag_minimal,original,50,149,2
cpdag_minimal,original,50,150,2
cpdag_minimal,original,50,151,2
cpdag_minimal,original,50,152,2
cpdag_minimal,original,50,153,2
cpdag_minimal,original,50,154,2
cpdag_minimal,original,50,155,2
cpdag_minimal,original,50,156,2
cpdag_minimal,original,50,157,2
cpdag_minimal,original,50,158,2
cpdag_minimal,original,50,159,2
cpdag_minimal,original,50,160,2
cpdag_minimal,original,50,161,2
cpdag_minimal,original,50,162,2
cpdag_minimal,original,50,163,2
cpdag_minimal,original,50,164,2
cpdag_minimal,original,50,165,2
cpdag_minimal,original,50,166,2
cpdag_minimal,original,50,167,2
cpdag_minimal,original,50,168,2
cpdag_minimal,original,50,169,2
cpdag_minimal,original,50,170,2
cpdag_minimal,original,50,171,2
cpdag_minimal,original,50,172,2
cpdag_minimal,original,50,173,2
cpdag_minimal,original,50,174,2
cpdag_minimal,original,50,175,2
cpdag_minimal,original,50,176,2
cpdag_minimal,original,50,177,2
cpdag_minimal,original,50,178,2
cpdag_minimal,original,50,179,2
cpdag_minimal,original,50,180,2
cpdag_minimal,original,50,181,2
cpdag_minimal,original,50,182,2
cpdag_minimal,original,50,184,2
cpdag_minimal,original,50,185,2
cpdag_minimal,original,50,186,2
cpdag_minimal,original,50,187,2
cpdag_minimal,original,50,188,2
cpdag_minimal,original,50,189,2
cpdag_minimal,original,50,190,2
cpdag_minimal,original,50,191,2
cpdag_minimal,original,50,192,2
cpdag_minimal,original,50,193,2
cpdag_minimal,original,50,194,2
cpdag_minimal,original,50,195,2
cpdag_minimal,original,50,196,2
cpdag_minimal,original,50,197,2
cpdag_minimal,original,50,198,2
cpdag_minimal,original,50,199,2
cpdag_minimal,original,50,200,2
cpdag_minimal,original,50,202,2
cpdag_minimal,original,50,203,2
cpdag_minimal,original,50,204,2
cpdag_minimal,original,50,205,2
cpdag_minimal,original,50,206,2
cpdag_minimal,original,50,207,2
cpdag_minimal,original,50,208,2
cpdag_minimal,original,50,209,2
cpdag_minimal,original,50,210,2
cpdag_minimal,original,50,211,2
cpdag_minimal,original,50,212,2
cpdag_minimal,original,50,213,2
cpdag_minimal,original,50,214,2
cpdag_minimal,original,50,215,2
cpdag_minimal,original,50,216,2
cpdag_minimal,original,50,217,2
cpdag_minimal,original,50,218,2
cpdag_minimal,original,50,219,2
cpdag_minimal,original,50,220,2
cpdag_minimal,original,50,221,2
cpdag_discovered,original,50,120,0
cpdag_discovered,original,50,121,0
cpdag_discovered,original,50,122,0
cpdag_discovered,original,50,123,0
cpdag_discovered,original,50,124,2
cpdag_discovered,original,50,125,0
cpdag_discovered,original,50,126,0
cpdag_discovered,original,50,127,0
cpdag_discovered,original,50,128,0
cpdag_discovered,original,50,129,0
cpdag_discovered,original,50,130,0
cpdag_discovered,original,50,131,0
cpdag_discovered,original,50,132,0
cpdag_discovered,original,50,133,0
cpdag_discovered,original,50,134,0
cpdag_discovered,original,50,135,0
cpdag_discovered,original,50,136,0
cpdag_discovered,original,50,137,0
cpdag_discovered,original,50,138,0
cpdag_discovered,original,50,139,0
cpdag_discovered,original,50,140,0
cpdag_discovered,original,50,141,0
cpdag_discovered,original,50,142,0
cpdag_discovered,original,50,143,0
cpdag_discovered,original,50,144,0
cpdag_discovered,original,50,145,0
cpdag_discovered,original,50,146,0
cpdag_discovered,original,50,147,0
cpdag_discovered,original,50,148,0
cpdag_discovered,original,50,149,0
cpdag_discovered,original,50,150,0
cpdag_discovered,original,50,151,0
cpdag_discovered,original,50,152,0
cpdag_discovered,original,50,153,0
cpdag_discovered,original,50,154,0
cpdag_discovered,original,50,155,0
cpdag_discovered,original,50,156,0
cpdag_discovered,original,50,157,0
cpdag_discovered,original,50,158,2
cpdag_discovered,original,50,159,0
cpdag_discovered,original,50,160,0
cpdag_discovered,original,50,161,0
cpdag_discovered,original,50,162,0
cpdag_discovered,original,50,163,0
cpdag_discovered,original,50,164,0
cpdag_discovered,original,50,165,0
cpdag_discovered,original,50,166,0
cpdag_discovered,original,50,167,0
cpdag_discovered,original,50,168,0
cpdag_discovered,original,50,169,0
cpdag_discovered,original,50,170,0
cpdag_discovered,original,50,171,0
cpdag_discovered,original,50,172,0
cpdag_discovered,original,50,173,0
cpdag_discovered,original,50,174,0
cpdag_discovered,original,50,175,0
cpdag_discovered,original,50,176,0
cpdag_discovered,original,50,177,0
cpdag_discovered,original,50,178,0
cpdag_discovered,original,50,179,0
cpdag_discovered,original,50,180,0
cpdag_discovered,original,50,181,0
cpdag_discovered,original,50,182,0
cpdag_discovered,original,50,184,0
cpdag_discovered,original,50,185,0
cpdag_discovered,original,50,186,0
cpdag_discovered,original,50,187,0
cpdag_discovered,original,50,188,0
cpdag_discovered,original,50,189,0
cpdag_discovered,original,50,190,0
cpdag_discovered,original,50,191,0
cpdag_discovered,original,50,192,2
cpdag_discovered,original,50,193,0
cpdag_discovered,original,50,194,0
cpdag_discovered,original,50,195,0
cpdag_discovered,original,50,196,2
cpdag_discovered,original,50,197,0
cpdag_discovered,original,50,198,0
cpdag_discovered,original,50,199,0
cpdag_discovered,original,50,200,2
cpdag_discovered,original,50,202,0
cpdag_discovered,original,50,203,0
cpdag_discovered,original,50,204,2
cpdag_discovered,original,50,205,0
cpdag_discovered,original,50,206,0
cpdag_discovered,original,50,207,0
cpdag_discovered,original,50,208,0
cpdag_discovered,original,50,209,0
cpdag_discovered,original,50,210,2
cpdag_discovered,original,50,211,0
cpdag_discovered,original,50,212,0
cpdag_discovered,original,50,213,0
cpdag_discovered,original,50,214,0
cpdag_discovered,original,50,215,0
cpdag_discovered,original,50,216,0
cpdag_discovered,original,50,217,0
cpdag_discovered,original,50,218,0
cpdag_discovered,original,50,219,0
cpdag_discovered,original,50,220,0
cpdag_discovered,original,50,221,0
dag,topological,100,240,3
dag,topological,100,241,3
dag,topological,100,242,3
dag,topological,100,243,3
dag,topological,100,244,3
dag,topological,100,245,3
dag,topological,100,246,3
dag,topological,100,247,3
dag,topological,100,248,3
dag,topological,100,249,3
dag,topological,100,250,3
dag,topological,100,251,3
dag,topological,100,252,3
dag,topological,100,253,3
dag,topological,100,254,3
dag,topological,100,255,3
dag,topological,100,256,3
dag,topological,100,257,3
dag,topological,100,258,3
dag,topological,100,259,3
dag,topological,100,260,3
dag,topological,100,261,3
dag,topological,100,262,3
dag,topological,100,263,3
dag,topological,100,264,3
dag,topological,100,265,3
dag,topological,100,266,3
dag,topological,100,267,3
dag,topological,100,268,3
dag,topological,100,269,3
dag,topological,100,270,3
dag,topological,100,271,3
dag,topological,100,272,3
dag,topological,100,273,3
dag,topological,100,274,3
dag,topological,100,275,3
dag,topological,100,276,3
dag,topological,100,277,3
dag,topological,100,278,3
dag,topological,100,279,3
dag,topological,100,280,3
dag,topological,100,281,3
dag,topological,100,282,3
dag,topological,100,283,3
dag,topological,100,284,3
dag,topological,100,285,3
dag,topological,100,286,3
dag,topological,100,287,3
dag,topological,100,288,3
dag,topological,100,289,3
dag,topological,100,290,3
dag,topological,100,291,3
dag,topological,100,292,3
dag,topological,100,293,3
dag,topological,100,294,3
dag,topological,100,295,3
dag,topological,100,296,3
dag,topological,100,297,3
dag,topological,100,298,3
dag,topological,100,299,3
dag,topological,100,300,3
dag,topological,100,301,3
dag,topological,100,302,3
dag,topological,100,303,3
dag,topological,100,304,3
dag,topological,100,305,3
dag,topological,100,306,3
dag,topological,100,307,3
dag,topological,100,308,3
dag,topological,100,309,3
dag,topological,100,310,3
dag,topological,100,311,3
dag,topological,100,312,3
dag,topological,100,313,3
dag,topological,100,314,3
dag,topological,100,315,3
dag,topological,100,316,3
dag,topological,100,317,3
dag,topological,100,318,3
dag,topological,100,319,3
dag,topological,100,320,3
dag,topological,100,321,3
dag,topological,100,322,3
dag,topological,100,323,3
dag,topological,100,324,3
dag,topological,100,325,3
dag,topological,100,326,3
dag,topological,100,327,3
dag,topological,100,328,3
dag,topological,100,329,3
dag,topological,100,330,3
dag,topological,100,331,3
dag,topological,100,332,3
dag,topological,100,333,3
dag,topological,100,334,3
dag,topological,100,335,3
dag,topological,100,336,3
dag,topological,100,337,3
dag,topological,100,338,3
dag,topological,100,339,3
cpdag_minimal,original,100,240,2
cpdag_minimal,original,100,241,2
cpdag_minimal,original,100,242,2
cpdag_minimal,original,100,243,2
cpdag_minimal,original,100,244,2
cpdag_minimal,original,100,245,2
cpdag_minimal,original,100,246,2
cpdag_minimal,original,100,247,2
cpdag_minimal,original,100,248,2
cpdag_minimal,original,100,249,2
cpdag_minimal,original,100,250,2
cpdag_minimal,original,100,251,2
cpdag_minimal,original,100,252,2
cpdag_minimal,original,100,253,2
cpdag_minimal,original,100,254,2
cpdag_minimal,original,100,255,2
cpdag_minimal,original,100,256,2
cpdag_minimal,original,100,257,2
cpdag_minimal,original,100,258,2
cpdag_minimal,original,100,259,2
cpdag_minimal,original,100,260,2
cpdag_minimal,original,100,261,2
cpdag_minimal,original,100,262,2
cpdag_minimal,original,100,263,2
cpdag_minimal,original,100,264,2
cpdag_minimal,original,100,265,2
cpdag_minimal,original,100,266,2
cpdag_minimal,original,100,267,2
cpdag_minimal,original,100,268,2
cpdag_minimal,original,100,269,2
cpdag_minimal,original,100,270,2
cpdag_minimal,original,100,271,2
cpdag_minimal,original,100,272,2
cpdag_minimal,original,100,273,2
cpdag_minimal,original,100,274,2
cpdag_minimal,original,100,275,2
cpdag_minimal,original,100,276,2
cpdag_minimal,original,100,277,2
cpdag_minimal,original,100,278,2
cpdag_minimal,original,100,279,2
cpdag_minimal,original,100,280,2
cpdag_minimal,original,100,281,2
cpdag_minimal,original,100,282,2
cpdag_minimal,original,100,283,2
cpdag_minimal,original,100,284,2
cpdag_minimal,original,100,285,2
cpdag_minimal,original,100,286,2
cpdag_minimal,original,100,287,2
cpdag_minimal,original,100,288,2
cpdag_minimal,original,100,289,2
cpdag_minimal,original,100,290,2
cpdag_minimal,original,100,291,2
cpdag_minimal,original,100,292,2
cpdag_minimal,original,100,293,2
cpdag_minimal,original,100,294,2
cpdag_minimal,original,100,295,2
cpdag_minimal,original,100,296,2
cpdag_minimal,original,100,297,2
cpdag_minimal,original,100,298,2
cpdag_minimal,original,100,299,2
cpdag_minimal,original,100,300,2
cpdag_minimal,original,100,301,2
cpdag_minimal,original,100,302,2
cpdag_minimal,original,100,303,2
cpdag_minimal,original,100,304,2
cpdag_minimal,original,100,305,2
cpdag_minimal,original,100,306,2
cpdag_minimal,original,100,307,2
cpdag_minimal,original,100,308,2
cpdag_minimal,original,100,309,2
cpdag_minimal,original,100,310,2
cpdag_minimal,original,100,311,2
cpdag_minimal,original,100,312,2
cpdag_minimal,original,100,313,2
cpdag_minimal,original,100,314,2
cpdag_minimal,original,100,315,2
cpdag_minimal,original,100,316,2
cpdag_minimal,original,100,317,2
cpdag_minimal,original,100,318,2
cpdag_minimal,original,100,319,2
cpdag_minimal,original,100,320,2
cpdag_minimal,original,100,321,2
cpdag_minimal,original,100,322,2
cpdag_minimal,original,100,323,2
cpdag_minimal,original,100,324,2
cpdag_minimal,original,100,325,2
cpdag_minimal,original,100,326,2
cpdag_minimal,original,100,327,2
cpdag_minimal,original,100,328,2
cpdag_minimal,original,100,329,2
cpdag_minimal,original,100,330,2
cpdag_minimal,original,100,331,2
cpdag_minimal,original,100,332,2
cpdag_minimal,original,100,333,2
cpdag_minimal,original,100,334,2
cpdag_minimal,original,100,335,2
cpdag_minimal,original,100,336,2
cpdag_minimal,original,100,337,2
cpdag_minimal,original,100,338,2
cpdag_minimal,original,100,339,2
cpdag_discovered,original,100,240,0
cpdag_discovered,original,100,241,0
cpdag_discovered,original,100,242,0
cpdag_discovered,original,100,243,0
cpdag_discovered,original,100,244,0
cpdag_discovered,original,100,245,0
cpdag_discovered,original,100,246,0
cpdag_discovered,original,100,247,0
cpdag_discovered,original,100,248,0
cpdag_discovered,original,100,249,0
cpdag_discovered,original,100,250,0
cpdag_discovered,original,100,251,0
cpdag_discovered,original,100,252,0
cpdag_discovered,original,100,253,0
cpdag_discovered,original,100,254,0
cpdag_discovered,original,100,255,0
cpdag_discovered,original,100,256,0
cpdag_discovered,original,100,257,0
cpdag_discovered,original,100,258,0
cpdag_discovered,original,100,259,0
cpdag_discovered,original,100,260,0
cpdag_discovered,original,100,261,0
cpdag_discovered,original,100,262,0
cpdag_discovered,original,100,263,0
cpdag_discovered,original,100,264,0
cpdag_discovered,original,100,265,0
cpdag_discovered,original,100,266,0
cpdag_discovered,original,100,267,0
cpdag_discovered,original,100,268,0
cpdag_discovered,original,100,269,0
cpdag_discovered,original,100,270,0
cpdag_discovered,original,100,271,0
cpdag_discovered,original,100,272,0
cpdag_discovered,original,100,273,0
cpdag_discovered,original,100,274,0
cpdag_discovered,original,100,275,0
cpdag_discovered,original,100,276,0
cpdag_discovered,original,100,277,0
cpdag_discovered,original,100,278,0
cpdag_discovered,original,100,279,0
cpdag_discovered,original,100,280,0
cpdag_discovered,original,100,281,0
cpdag_discovered,original,100,282,0
cpdag_discovered,original,100,283,0
cpdag_discovered,original,100,284,2
cpdag_discovered,original,100,285,0
cpdag_discovered,original,100,286,0
cpdag_discovered,original,100,287,2
cpdag_discovered,original,100,288,0
cpdag_discovered,original,100,289,0
cpdag_discovered,original,100,290,0
cpdag_discovered,original,100,291,0
cpdag_discovered,original,100,292,0
cpdag_discovered,original,100,293,0
cpdag_discovered,original,100,294,0
cpdag_discovered,original,100,295,0
cpdag_discovered,original,100,296,0
cpdag_discovered,original,100,297,0
cpdag_discovered,original,100,298,0
cpdag_discovered,original,100,299,0
cpdag_discovered,original,100,300,0
cpdag_discovered,original,100,301,0
cpdag_discovered,original,100,302,0
cpdag_discovered,original,100,303,0
cpdag_discovered,original,100,304,0
cpdag_discovered,original,100,305,0
cpdag_discovered,original,100,306,0
cpdag_discovered,original,100,307,0
cpdag_discovered,original,100,308,0
cpdag_discovered,original,100,309,0
cpdag_discovered,original,100,310,0
cpdag_discovered,original,100,311,0
cpdag_discovered,original,100,312,0
cpdag_discovered,original,100,313,0
cpdag_discovered,original,100,314,0
cpdag_discovered,original,100,315,0
cpdag_discovered,original,100,316,0
cpdag_discovered,original,100,317,0
cpdag_discovered,original,100,318,2
cpdag_discovered,original,100,319,0
cpdag_discovered,original,100,320,0
cpdag_discovered,original,100,321,2
cpdag_discovered,original,100,322,0
cpdag_discovered,original,100,323,0
cpdag_discovered,original,100,324,0
cpdag_discovered,original,100,325,0
cpdag_discovered,original,100,326,0
cpdag_discovered,original,100,327,0
cpdag_discovered,original,100,328,0
cpdag_discovered,original,100,329,0
cpdag_discovered,original,100,330,0
cpdag_discovered,original,100,331,0
cpdag_discovered,original,100,332,0
cpdag_discovered,original,100,333,0
cpdag_discovered,original,100,334,0
cpdag_discovered,original,100,335,0
cpdag_discovered,original,100,336,0
cpdag_discovered,original,100,337,0
cpdag_discovered,original,100,338,0
cpdag_discovered,original,100,339,0
dag,topological,200,360,3
dag,topological,200,361,3
dag,topological,200,362,3
dag,topological,200,363,3
dag,topological,200,364,3
dag,topological,200,365,3
dag,topological,200,366,3
dag,topological,200,367,3
dag,topological,200,368,3
dag,topological,200,369,3
dag,topological,200,370,3
dag,topological,200,371,3
dag,topological,200,372,3
dag,topological,200,373,3
dag,topological,200,374,3
dag,topological,200,375,3
dag,topological,200,376,3
dag,topological,200,377,3
dag,topological,200,378,3
dag,topological,200,379,3
dag,topological,200,380,3
dag,topological,200,381,3
dag,topological,200,382,3
dag,topological,200,383,3
dag,topological,200,384,3
dag,topological,200,385,3
dag,topological,200,386,3
dag,topological,200,387,3
dag,topological,200,388,3
dag,topological,200,390,3
dag,topological,200,391,3
dag,topological,200,392,3
dag,topological,200,393,3
dag,topological,200,394,3
dag,topological,200,395,3
dag,topological,200,396,3
dag,topological,200,397,3
dag,topological,200,398,3
dag,topological,200,399,3
dag,topological,200,400,3
dag,topological,200,401,3
dag,topological,200,402,3
dag,topological,200,403,3
dag,topological,200,404,3
dag,topological,200,405,3
dag,topological,200,406,3
dag,topological,200,407,3
dag,topological,200,408,3
dag,topological,200,409,3
dag,topological,200,410,3
dag,topological,200,411,3
dag,topological,200,412,3
dag,topological,200,413,3
dag,topological,200,414,3
dag,topological,200,415,3
dag,topological,200,416,3
dag,topological,200,417,3
dag,topological,200,418,3
dag,topological,200,419,3
dag,topological,200,420,3
dag,topological,200,421,3
dag,topological,200,422,3
dag,topological,200,423,3
dag,topological,200,424,3
dag,topological,200,425,3
dag,topological,200,426,3
dag,topological,200,427,3
dag,topological,200,428,3
dag,topological,200,429,3
dag,topological,200,430,3
dag,topological,200,431,3
dag,topological,200,432,3
dag,topological,200,433,3
dag,topological,200,434,3
dag,topological,200,435,3
dag,topological,200,436,3
dag,topological,200,437,3
dag,topological,200,438,3
dag,topological,200,439,3
dag,topological,200,440,3
dag,topological,200,441,3
dag,topological,200,442,3
dag,topological,200,443,3
dag,topological,200,444,3
dag,topological,200,445,3
dag,topological,200,446,3
dag,topological,200,447,3
dag,topological,200,448,3
dag,topological,200,449,3
dag,topological,200,450,3
dag,topological,200,451,3
dag,topological,200,452,3
dag,topological,200,453,3
dag,topological,200,454,3
dag,topological,200,455,3
dag,topological,200,456,3
dag,topological,200,457,3
dag,topological,200,458,3
dag,topological,200,459,3
dag,topological,200,460,3
cpdag_minimal,original,200,360,2
cpdag_minimal,original,200,361,2
cpdag_minimal,original,200,362,2
cpdag_minimal,original,200,363,2
cpdag_minimal,original,200,364,2
cpdag_minimal,original,200,365,2
cpdag_minimal,original,200,366,2
cpdag_minimal,original,200,367,2
cpdag_minimal,original,200,368,2
cpdag_minimal,original,200,369,2
cpdag_minimal,original,200,370,2
cpdag_minimal,original,200,371,2
cpdag_minimal,original,200,372,2
cpdag_minimal,original,200,373,2
cpdag_minimal,original,200,374,2
cpdag_minimal,original,200,375,2
cpdag_minimal,original,200,376,2
cpdag_minimal,original,200,377,2
cpdag_minimal,original,200,378,2
cpdag_minimal,original,200,379,2
cpdag_minimal,original,200,380,2
cpdag_minimal,original,200,381,2
cpdag_minimal,original,200,382,2
cpdag_minimal,original,200,383,2
cpdag_minimal,original,200,384,2
cpdag_minimal,original,200,385,2
cpdag_minimal,original,200,386,2
cpdag_minimal,original,200,387,2
cpdag_minimal,original,200,388,2
cpdag_minimal,original,200,390,2
cpdag_minimal,original,200,391,2
cpdag_minimal,original,200,392,2
cpdag_minimal,original,200,393,2
cpdag_minimal,original,200,394,2
cpdag_minimal,original,200,395,2
cpdag_minimal,original,200,396,2
cpdag_minimal,original,200,397,2
cpdag_minimal,original,200,398,2
cpdag_minimal,original,200,399,2
cpdag_minimal,original,200,400,2
cpdag_minimal,original,200,401,2
cpdag_minimal,original,200,402,2
cpdag_minimal,original,200,403,2
cpdag_minimal,original,200,404,2
cpdag_minimal,original,200,405,2
cpdag_minimal,original,200,406,2
cpdag_minimal,original,200,407,2
cpdag_minimal,original,200,408,2
cpdag_minimal,original,200,409,2
cpdag_minimal,original,200,410,2
cpdag_minimal,original,200,411,2
cpdag_minimal,original,200,412,2
cpdag_minimal,original,200,413,2
cpdag_minimal,original,200,414,2
cpdag_minimal,original,200,415,2
cpdag_minimal,original,200,416,2
cpdag_minimal,original,200,417,2
cpdag_minimal,original,200,418,2
cpdag_minimal,original,200,419,2
cpdag_minimal,original,200,420,2
cpdag_minimal,original,200,421,2
cpdag_minimal,original,200,422,2
cpdag_minimal,original,200,423,2
cpdag_minimal,original,200,424,2
cpdag_minimal,original,200,425,2
cpdag_minimal,original,200,426,2
cpdag_minimal,original,200,427,2
cpdag_minimal,original,200,428,2
cpdag_minimal,original,200,429,2
cpdag_minimal,original,200,430,2
cpdag_minimal,original,200,431,2
cpdag_minimal,original,200,432,2
cpdag_minimal,original,200,433,2
cpdag_minimal,original,200,434,2
cpdag_minimal,original,200,435,2
cpdag_minimal,original,200,436,2
cpdag_minimal,original,200,437,2
cpdag_minimal,original,200,438,2
cpdag_minimal,original,200,439,2
cpdag_minimal,original,200,440,2
cpdag_minimal,original,200,441,2
cpdag_minimal,original,200,442,2
cpdag_minimal,original,200,443,2
cpdag_minimal,original,200,444,2
cpdag_minimal,original,200,445,2
cpdag_minimal,original,200,446,2
cpdag_minimal,original,200,447,2
cpdag_minimal,original,200,448,2
cpdag_minimal,original,200,449,2
cpdag_minimal,original,200,450,2
cpdag_minimal,original,200,451,2
cpdag_minimal,original,200,452,2
cpdag_minimal,original,200,453,2
cpdag_minimal,original,200,454,2
cpdag_minimal,original,200,455,2
cpdag_minimal,original,200,456,2
cpdag_minimal,original,200,457,2
cpdag_minimal,original,200,458,2
cpdag_minimal,original,200,459,2
cpdag_minimal,original,200,460,2
cpdag_discovered,original,200,360,2
cpdag_discovered,original,200,361,0
cpdag_discovered,original,200,362,0
cpdag_discovered,original,200,363,2
cpdag_discovered,original,200,364,0
cpdag_discovered,original,200,365,0
cpdag_discovered,original,200,366,0
cpdag_discovered,original,200,367,0
cpdag_discovered,original,200,368,0
cpdag_discovered,original,200,369,2
cpdag_discovered,original,200,370,0
cpdag_discovered,original,200,371,0
cpdag_discovered,original,200,372,0
cpdag_discovered,original,200,373,0
cpdag_discovered,original,200,374,0
cpdag_discovered,original,200,375,0
cpdag_discovered,original,200,376,0
cpdag_discovered,original,200,377,0
cpdag_discovered,original,200,378,0
cpdag_discovered,original,200,379,0
cpdag_discovered,original,200,380,0
cpdag_discovered,original,200,381,0
cpdag_discovered,original,200,382,0
cpdag_discovered,original,200,383,0
cpdag_discovered,original,200,384,0
cpdag_discovered,original,200,385,0
cpdag_discovered,original,200,386,0
cpdag_discovered,original,200,387,2
cpdag_discovered,original,200,388,0
cpdag_discovered,original,200,390,0
cpdag_discovered,original,200,391,0
cpdag_discovered,original,200,392,0
cpdag_discovered,original,200,393,0
cpdag_discovered,original,200,394,0
cpdag_discovered,original,200,395,0
cpdag_discovered,original,200,396,0
cpdag_discovered,original,200,397,0
cpdag_discovered,original,200,398,0
cpdag_discovered,original,200,399,0
cpdag_discovered,original,200,400,0
cpdag_discovered,original,200,401,0
cpdag_discovered,original,200,402,2
cpdag_discovered,original,200,403,0
cpdag_discovered,original,200,404,0
cpdag_discovered,original,200,405,0
cpdag_discovered,original,200,406,0
cpdag_discovered,original,200,407,0
cpdag_discovered,original,200,408,0
cpdag_discovered,original,200,409,0
cpdag_discovered,original,200,410,0
cpdag_discovered,original,200,411,2
cpdag_discovered,original,200,412,0
cpdag_discovered,original,200,413,0
cpdag_discovered,original,200,414,0
cpdag_discovered,original,200,415,0
cpdag_discovered,original,200,416,0
cpdag_discovered,original,200,417,0
cpdag_discovered,original,200,418,0
cpdag_discovered,original,200,419,0
cpdag_discovered,original,200,420,2
cpdag_discovered,original,200,421,0
cpdag_discovered,original,200,422,0
cpdag_discovered,original,200,423,0
cpdag_discovered,original,200,424,0
cpdag_discovered,original,200,425,0
cpdag_discovered,original,200,426,0
cpdag_discovered,original,200,427,0
cpdag_discovered,original,200,428,0
cpdag_discovered,original,200,429,0
cpdag_discovered,original,200,430,0
cpdag_discovered,original,200,431,0
cpdag_discovered,original,200,432,0
cpdag_discovered,original,200,433,0
cpdag_discovered,original,200,434,0
cpdag_discovered,original,200,435,0
cpdag_discovered,original,200,436,0
cpdag_discovered,original,200,437,0
cpdag_discovered,original,200,438,0
cpdag_discovered,original,200,439,0
cpdag_discovered,original,200,440,0
cpdag_discovered,original,200,441,0
cpdag_discovered,original,200,442,0
cpdag_discovered,original,200,443,0
cpdag_discovered,original,200,444,0
cpdag_discovered,original,200,445,0
cpdag_discovered,original,200,446,2
cpdag_discovered,original,200,447,0
cpdag_discovered,original,200,448,0
cpdag_discovered,original,200,449,0
cpdag_discovered,original,200,450,0
cpdag_discovered,original,200,451,0
cpdag_discovered,original,200,452,0
cpdag_discovered,original,200,453,0
cpdag_discovered,original,200,454,0
cpdag_discovered,original,200,455,0
cpdag_discovered,original,200,456,2
cpdag_discovered,original,200,457,2
cpdag_discovered,original,200,458,0
cpdag_discovered,original,200,459,0
cpdag_discovered,original,200,460,0
dag,topological,500,480,3
dag,topological,500,481,3
dag,topological,500,482,3
dag,topological,500,483,3
dag,topological,500,484,3
dag,topological,500,485,3
dag,topological,500,486,3
dag,topological,500,487,3
dag,topological,500,488,3
dag,topological,500,489,3
dag,topological,500,490,3
dag,topological,500,491,3
dag,topological,500,492,3
dag,topological,500,493,3
dag,topological,500,494,3
dag,topological,500,495,3
dag,topological,500,496,3
dag,topological,500,497,3
dag,topological,500,498,3
dag,topological,500,499,3
dag,topological,500,500,3
dag,topological,500,501,3
dag,topological,500,502,3
dag,topological,500,503,3
dag,topological,500,504,3
dag,topological,500,505,3
dag,topological,500,506,3
dag,topological,500,507,3
dag,topological,500,508,3
dag,topological,500,509,3
dag,topological,500,510,3
dag,topological,500,511,3
dag,topological,500,512,3
dag,topological,500,513,3
dag,topological,500,514,3
dag,topological,500,515,3
dag,topological,500,516,3
dag,topological,500,517,3
dag,topological,500,518,3
dag,topological,500,519,3
dag,topological,500,520,3
dag,topological,500,521,3
dag,topological,500,522,3
dag,topological,500,523,3
dag,topological,500,524,3
dag,topological,500,525,3
dag,topological,500,526,3
dag,topological,500,527,3
dag,topological,500,528,3
dag,topological,500,529,3
dag,topological,500,530,3
dag,topological,500,531,3
dag,topological,500,532,3
dag,topological,500,533,3
dag,topological,500,534,3
dag,topological,500,535,3
dag,topological,500,536,3
dag,topological,500,537,3
dag,topological,500,538,3
dag,topological,500,539,3
dag,topological,500,540,3
dag,topological,500,541,3
dag,topological,500,542,3
dag,topological,500,543,3
dag,topological,500,544,3
dag,topological,500,545,3
dag,topological,500,546,3
dag,topological,500,547,3
dag,topological,500,548,3
dag,topological,500,549,3
dag,topological,500,550,3
dag,topological,500,551,3
dag,topological,500,552,3
dag,topological,500,553,3
dag,topological,500,554,3
dag,topological,500,555,3
dag,topological,500,556,3
dag,topological,500,557,3
dag,topological,500,558,3
dag,topological,500,559,3
dag,topological,500,560,3
dag,topological,500,561,3
dag,topological,500,562,3
dag,topological,500,563,3
dag,topological,500,564,3
dag,topological,500,565,3
dag,topological,500,566,3
dag,topological,500,567,3
dag,topological,500,568,3
dag,topological,500,569,3
dag,topological,500,570,3
dag,topological,500,571,3
dag,topological,500,572,3
dag,topological,500,573,3
dag,topological,500,574,3
dag,topological,500,575,3
dag,topological,500,576,3
dag,topological,500,577,3
dag,topological,500,578,3
dag,topological,500,580,3
cpdag_minimal,original,500,480,2
cpdag_minimal,original,500,481,2
cpdag_minimal,original,500,482,2
cpdag_minimal,original,500,483,2
cpdag_minimal,original,500,484,2
cpdag_minimal,original,500,485,2
cpdag_minimal,original,500,486,2
cpdag_minimal,original,500,487,2
cpdag_minimal,original,500,488,2
cpdag_minimal,original,500,489,2
cpdag_minimal,original,500,490,2
cpdag_minimal,original,500,491,2
cpdag_minimal,original,500,492,2
cpdag_minimal,original,500,493,2
cpdag_minimal,original,500,494,2
cpdag_minimal,original,500,495,2
cpdag_minimal,original,500,496,2
cpdag_minimal,original,500,497,2
cpdag_minimal,original,500,498,2
cpdag_minimal,original,500,499,2
cpdag_minimal,original,500,500,2
cpdag_minimal,original,500,501,2
cpdag_minimal,original,500,502,2
cpdag_minimal,original,500,503,2
cpdag_minimal,original,500,504,2
cpdag_minimal,original,500,505,2
cpdag_minimal,original,500,506,2
cpdag_minimal,original,500,507,2
cpdag_minimal,original,500,508,2
cpdag_minimal,original,500,509,2
cpdag_minimal,original,500,510,2
cpdag_minimal,original,500,511,2
cpdag_minimal,original,500,512,2
cpdag_minimal,original,500,513,2
cpdag_minimal,original,500,514,2
cpdag_minimal,original,500,515,2
cpdag_minimal,original,500,516,2
cpdag_minimal,original,500,517,2
cpdag_minimal,original,500,518,2
cpdag_minimal,original,500,519,2
cpdag_minimal,original,500,520,2
cpdag_minimal,original,500,521,2
cpdag_minimal,original,500,522,2
cpdag_minimal,original,500,523,2
cpdag_minimal,original,500,524,2
cpdag_minimal,original,500,525,2
cpdag_minimal,original,500,526,2
cpdag_minimal,original,500,527,2
cpdag_minimal,original,500,528,2
cpdag_minimal,original,500,529,2
cpdag_minimal,original,500,530,2
cpdag_minimal,original,500,531,2
cpdag_minimal,original,500,532,2
cpdag_minimal,original,500,533,2
cpdag_minimal,original,500,534,2
cpdag_minimal,original,500,535,2
cpdag_minimal,original,500,536,2
cpdag_minimal,original,500,537,2
cpdag_minimal,original,500,538,2
cpdag_minimal,original,500,539,2
cpdag_minimal,original,500,540,2
cpdag_minimal,original,500,541,2
cpdag_minimal,original,500,542,2
cpdag_minimal,original,500,543,2
cpdag_minimal,original,500,544,2
cpdag_minimal,original,500,545,2
cpdag_minimal,original,500,546,2
cpdag_minimal,original,500,547,2
cpdag_minimal,original,500,548,2
cpdag_minimal,original,500,549,2
cpdag_minimal,original,500,550,2
cpdag_minimal,original,500,551,2
cpdag_minimal,original,500,552,2
cpdag_minimal,original,500,553,2
cpdag_minimal,original,500,554,2
cpdag_minimal,original,500,555,2
cpdag_minimal,original,500,556,2
cpdag_minimal,original,500,557,2
cpdag_minimal,original,500,558,2
cpdag_minimal,original,500,559,2
cpdag_minimal,original,500,560,2
cpdag_minimal,original,500,561,2
cpdag_minimal,original,500,562,2
cpdag_minimal,original,500,563,2
cpdag_minimal,original,500,564,2
cpdag_minimal,original,500,565,2
cpdag_minimal,original,500,566,2
cpdag_minimal,original,500,567,2
cpdag_minimal,original,500,568,2
cpdag_minimal,original,500,569,2
cpdag_minimal,original,500,570,2
cpdag_minimal,original,500,571,2
cpdag_minimal,original,500,572,2
cpdag_minimal,original,500,573,2
cpdag_minimal,original,500,574,2
cpdag_minimal,original,500,575,2
cpdag_minimal,original,500,576,2
cpdag_minimal,original,500,577,2
cpdag_minimal,original,500,578,2
cpdag_minimal,original,500,580,2
cpdag_discovered,original,500,480,0
cpdag_discovered,original,500,481,0
cpdag_discovered,original,500,482,0
cpdag_discovered,original,500,483,0
cpdag_discovered,original,500,484,0
cpdag_discovered,original,500,485,0
cpdag_discovered,original,500,486,0
cpdag_discovered,original,500,487,0
cpdag_discovered,original,500,488,0
cpdag_discovered,original,500,489,0
cpdag_discovered,original,500,490,0
cpdag_discovered,original,500,491,2
cpdag_discovered,original,500,492,0
cpdag_discovered,original,500,493,0
cpdag_discovered,original,500,494,2
cpdag_discovered,original,500,495,0
cpdag_discovered,original,500,496,0
cpdag_discovered,original,500,497,0
cpdag_discovered,original,500,498,0
cpdag_discovered,original,500,499,0
cpdag_discovered,original,500,500,0
cpdag_discovered,original,500,501,2
cpdag_discovered,original,500,502,0
cpdag_discovered,original,500,503,0
cpdag_discovered,original,500,504,0
cpdag_discovered,original,500,505,0
cpdag_discovered,original,500,506,0
cpdag_discovered,original,500,507,0
cpdag_discovered,original,500,508,2
cpdag_discovered,original,500,509,0
cpdag_discovered,original,500,510,0
cpdag_discovered,original,500,511,0
cpdag_discovered,original,500,512,0
cpdag_discovered,original,500,513,0
cpdag_discovered,original,500,514,0
cpdag_discovered,original,500,515,0
cpdag_discovered,original,500,516,0
cpdag_discovered,original,500,517,0
cpdag_discovered,original,500,518,0
cpdag_discovered,original,500,519,2
cpdag_discovered,original,500,520,0
cpdag_discovered,original,500,521,0
cpdag_discovered,original,500,522,0
cpdag_discovered,original,500,523,0
cpdag_discovered,original,500,524,0
cpdag_discovered,original,500,525,0
cpdag_discovered,original,500,526,0
cpdag_discovered,original,500,527,0
cpdag_discovered,original,500,528,2
cpdag_discovered,original,500,529,0
cpdag_discovered,original,500,530,0
cpdag_discovered,original,500,531,0
cpdag_discovered,original,500,532,0
cpdag_discovered,original,500,533,0
cpdag_discovered,original,500,534,0
cpdag_discovered,original,500,535,0
cpdag_discovered,original,500,536,0
cpdag_discovered,original,500,537,0
cpdag_discovered,original,500,538,0
cpdag_discovered,original,500,539,0
cpdag_discovered,original,500,540,0
cpdag_discovered,original,500,541,0
cpdag_discovered,original,500,542,0
cpdag_discovered,original,500,543,0
cpdag_discovered,original,500,544,0
cpdag_discovered,original,500,545,0
cpdag_discovered,original,500,546,2
cpdag_discovered,original,500,547,0
cpdag_discovered,original,500,548,0
cpdag_discovered,original,500,549,0
cpdag_discovered,original,500,550,0
cpdag_discovered,original,500,551,0
cpdag_discovered,original,500,552,0
cpdag_discovered,original,500,553,0
cpdag_discovered,original,500,554,0
cpdag_discovered,original,500,555,0
cpdag_discovered,original,500,556,0
cpdag_discovered,original,500,557,0
cpdag_discovered,original,500,558,0
cpdag_discovered,original,500,559,0
cpdag_discovered,original,500,560,0
cpdag_discovered,original,500,561,0
cpdag_discovered,original,500,562,0
cpdag_discovered,original,500,563,0
cpdag_discovered,original,500,564,0
cpdag_discovered,original,500,565,0
cpdag_discovered,original,500,566,0
cpdag_discovered,original,500,567,0
cpdag_discovered,original,500,568,0
cpdag_discovered,original,500,569,0
cpdag_discovered,original,500,570,0
cpdag_discovered,original,500,571,0
cpdag_discovered,original,500,572,0
cpdag_discovered,original,500,573,0
cpdag_discovered,original,500,574,0
cpdag_discovered,original,500,575,0
cpdag_discovered,original,500,576,0
cpdag_discovered,original,500,577,0
cpdag_discovered,original,500,578,2
cpdag_discovered,original,500,580,2
